nom,dressing,date_premiere_publication,date_republication,ecart,erreur
Robe 100% Lin Made in Italy Vert Sauge - Taille 3 (L/XL),Dressing 1,09/03/2026,2026-08-10,154,
Bonnet GMV Gian Marco Venturi Gris Anthracite - Texturé,Dressing 1,28/02/2026,2026-08-24,177,
Jean Bershka Bleu Droit The Straight Taille Haute Taille 38,Dressing 1,09/05/2026,2026-08-11,94,
Pantalon fluide Shein Lilas Volants Bas Jambes Taille M,Dressing 1,09/05/2026,2026-08-17,100,
Jean Mom Pimkie Bleu Coupe taille haute 100% Coton Taille 36,Dressing 1,09/05/2026,2026-08-17,100,
Blouse Marella col bardot crème texturé zébré transparent Taille 36 S,Dressing 1,27/03/2026,2026-08-11,137,
Robe midi BCBGMaxazria Rose poudré Taille S,Dressing 1,26/03/2026,2026-08-11,138,
Pull en maille Zara Beige maille texturée fentes latérales Taille M,Dressing 1,09/05/2026,2026-08-11,94,
Pull Col V Noir - 50% Laine Mérinos - Taille L - Made in Italy,Dressing 1,10/03/2026,2026-08-11,154,
Veste en Jean Levi's Sherpa Doublée taille S vintage,Dressing 1,20/03/2026,2026-08-11,144,
Pantalon Shein Jaune imprimé fraises loungewear côtelé Taille S,Dressing 1,09/05/2026,2026-08-11,94,
Pantalon flare Shein Rose Taille haute stretch Y2K Taille S / 36,Dressing 1,06/08/2026,2026-08-11,5,
Pull léger Zara Knit Beige crème col V fluide Taille L,Dressing 1,27/03/2026,2026-08-17,143,
Chino Carhartt WIP Sid Pant - Beige - Taille 29x32 - Exellent État,Dressing 1,11/03/2026,2026-08-11,153,
Veste Zara Crème Style Blazer Court en Maille Boutons Nacrés Tendance Taille M,Dressing 1,09/05/2026,2026-08-17,100,
Robe Marella Art 365 bicolore noir blanc fluide droite T40 manches 3/4,Dressing 1,28/03/2026,2026-08-24,149,
T-shirt Vintage NBA Phoenix Suns 50th Anniversary (2018) - XL - Rare & Collector,Dressing 1,07/03/2026,2026-08-11,157,
Jean Stradivarius Bleu clair Délavé D98 Coupe droite Taille 38,Dressing 1,09/05/2026,2026-08-17,100,
Pull Mango Man Beige - Coton & Cachemire - Taille M,Dressing 1,24/03/2026,2026-08-17,146,
Doudoune Karl Lagerfeld Noire 21 Rue St-Guillaume Taille 54,Dressing 1,17/03/2026,2026-08-25,161,
Gilet cardigan Bershka Blanc cassé Cropped à nouer coquette Taille S,Dressing 1,09/05/2026,2026-08-17,100,
Pantalon Mango Noir Chic - Taille 40 - Coupe Cigarette - Détails Satinés,Dressing 1,07/03/2026,2026-08-24,170,
Pantalon Costume Bexley - 100% Laine Vierge Super 110's - Taille 38 - Marine - Coupe Ajustée,Dressing 1,24/03/2026,2026-08-12,141,
Jean Skinny Easy Wear Taille 40 Bleu Medium Waist Ourlet Effiloché,Dressing 1,08/03/2026,2026-08-12,157,
Doudoune sans manches Zara Noire Matelassée col montant crop Taille M,Dressing 1,09/05/2026,2026-08-23,106,
Blazer style tweed Shein Noir Boutons dorés chic Taille M / 38,Dressing 1,27/05/2026,2026-08-24,89,
Top manches longues Zara Noir Col carré Drapé Froncé Cordon Taille S,Dressing 1,09/05/2026,2026-08-23,106,
T-Shirt Nike Vintage Made in USA Just Do It Cream Beige S Années 90,Dressing 1,13/03/2026,2026-08-24,164,
Gilet Pimkie Beige maille torsadée gros boutons coupe courte Taille Non précisée,Dressing 1,09/05/2026,2026-08-18,101,
Doudoune sans manches Only Noire et crème gilet fourré moumoute Taille S,Dressing 1,09/05/2026,2026-08-15,98,
Pull Zara Blanc Écru Cropped Maille Côtelée Taille XL Chunky,Dressing 1,04/03/2026,2026-08-24,173,
Pull grosse maille Gris chiné Col montant cozy Taille M,Dressing 1,09/05/2026,2026-08-15,98,
Pull en maille Crème col montant manches ballon Taille M,Dressing 1,09/05/2026,2026-08-16,99,
Blouse cache-cœur Comptoir des Cotonniers 100% Soie Vert Émeraude T40 / L,Dressing 1,27/03/2026,2026-08-23,149,
T-shirt Tommy Hilfiger Côtelé Bleu Marine Col V - M - Coton Épais,Dressing 1,04/03/2026,2026-08-22,171,
Robe pull longue Blue joint Made in Italy camel noir bordeaux motif zèbre pied-de-poule col montant,Dressing 1,25/03/2026,2026-08-16,144,
Pull maille crochet Zara beige écru ajouré 100% Coton Taille M bohème,Dressing 1,26/03/2026,2026-08-15,142,
Pantalon Flanelle Grise - Galeries Lafayette - Taille 30 (M),Dressing 1,13/03/2026,2026-08-14,154,
Sac à Main Morgan Bi-matière Camel & Toile Jute - Bandoulière - Bohème Chic,Dressing 1,10/03/2026,2026-08-16,159,
Sandales à talons Sézane daim noir T38 lacets pompons cuir made in Portugal,Dressing 1,26/03/2026,2026-08-14,141,
Jean LePantalon Bleu Pétrole Taille 40 W31 Made in Portugal,Dressing 1,04/03/2026,2026-08-12,161,
Bonnet Champion Vintage Bicolore Gris & Noir - Taille Unique - Très bon état,Dressing 1,28/02/2026,2026-08-14,167,
Robe longue asymétrique BCBGmaxazria vert émeraude Taille 36 S,Dressing 1,27/03/2026,2026-08-15,141,
Manteau Laine Angora Pied-de-Poule Senes Taille S/M Capuche,Dressing 1,25/03/2026,2026-08-17,145,
Tunique / Robe H&M+ Noire - Grande Taille - Fluide & Extensible,Dressing 1,09/03/2026,2026-08-23,167,
Chemise 100% soie Massimo Dutti rayée noir blanc T38 fluide manches longues,Dressing 1,25/03/2026,2026-08-12,140,
Guide Vert Michelin dédié à Venise. Une référence pour organiser votre séjour.,Dressing 2,20/03/2026,2026-08-11,144,
Pull maille Jennyfer Rose col rond texture doudou cosy Taille XS,Dressing 2,11/06/2026,2026-08-20,70,
Gilet zippé Jules Beige clair 100% coton maille texturée Taille S,Dressing 1,09/05/2026,2026-07-30,82,
Veste Sans Manche Nike ACG Gore-Tex Infinium Techwear Grise Taille L,Dressing 2,28/03/2026,2026-08-11,136,
Housse de Coussin Zara Home 100% Lin Fleurs Sauvages - 45x45 cm,Dressing 2,19/03/2026,2026-08-18,152,
Chemise Café Coton Bleu Cintrée Col Italien Collection Exclusive Taille M,Dressing 2,23/04/2026,2026-08-20,119,
Veste blazer Agatha Girl Rouge Vif Vintage Pure Laine Made in France Taille 38,Dressing 2,29/05/2026,2026-08-20,83,
Pull Tommy Hilfiger Noir logo brodé essentiel Taille L,Dressing 2,10/04/2026,2026-08-18,130,
Top Col Bardot Bleu Ciel 100% Coton Broderies Bohème Taille XL Femme,Dressing 2,18/03/2026,2026-08-22,157,
Collier Nina Ricci Doré maille gourmette XXL vintage chic,Dressing 1,12/06/2026,2026-08-02,51,
Chemise Camaïeu Multicolore Motif Carreaux Bûcheron Casual Taille M,Dressing 1,09/05/2026,2026-08-14,97,
Pantalon Emporio Armani 100% Lin Bleu Marine Taille 25 (34/36 FR) Luxe Été,Dressing 2,28/03/2026,2026-08-20,145,
Pantalon Isabel Marant Étoile Slim Marine Paint Splatter Taille 38,Dressing 1,17/03/2026,2026-08-17,153,
Veste Nike Inter Milan 1908 Hoodie Zip Anthracite Taille S Vintage Foot,Dressing 2,28/03/2026,2026-08-15,140,
Veste blazer H&M Noire cintrée chic et élégante Taille 38,Dressing 2,23/04/2026,2026-08-22,121,
Nike Tech Fleece Veste à Capuche Bordeaux & Noir - Taille M - Authentique,Dressing 2,16/03/2026,2026-08-15,152,
Housse de coussin de la marque Zara Home 50 x 50 cm,Dressing 2,19/03/2026,2026-08-18,152,
Blouse Ted Baker Blanc Cassé Plissée Col Bijoux Manches Voile Taille 1 (36),Dressing 2,29/05/2026,2026-08-09,72,
T-shirt Celio Be Normal Gris Clair Coton Stretch Taille M Homme Basique,Dressing 2,18/03/2026,2026-08-15,150,
Chemise crop top Shein Lilas Style pyjama manches nouées Taille M,Dressing 1,09/05/2026,2026-08-12,95,
Pantalon Patrizia Pepe imprimé serpent python slim Taille 40 IT,Dressing 2,27/05/2026,2026-08-22,87,
Pantalon Dickies Velours Côtelé Beige W38 Corduroy Vintage Style,Dressing 2,28/03/2026,2026-08-20,145,
Robe Taranko Fuchsia Col Lavallière Manches Ballons Chic Taille 32,Dressing 2,27/05/2026,2026-08-08,73,
T-shirt Gap classic tee bleu marine col rond coton coupe droite taille M,Dressing 2,05/08/2026,2026-08-07,2,
Pantalon Marithé François Girbaud Navy Made in Italy Vintage 30,Dressing 2,29/03/2026,2026-08-22,146,
Polo Ralph Lauren bleu ciel coton piqué classic fit taille XL,Dressing 2,03/08/2026,2026-08-25,22,
Polo Ralph Lauren Pima Soft Touch bleu chiné taille L,Dressing 2,03/08/2026,2026-08-23,20,
T-shirt col V Polo Ralph Lauren Custom Slim Fit bleu marine taille M,Dressing 2,03/08/2026,2026-08-23,20,
Short chino Lacoste beige gris lin coton revers taille 40,Dressing 2,03/08/2026,2026-08-23,20,
Porte-monnaie Nina Ricci Bordeaux Cuir grainé vintage Fermoir doré,Dressing 2,27/05/2026,2026-08-23,88,
Pantalon chino Dockers Gris coupe slim D1 Taille 34x32,Dressing 2,11/06/2026,2026-08-16,66,
Veste Carhartt W'Aviation Jacket - Noir - Doublure Camo - Taille M,Dressing 2,16/03/2026,2026-08-22,159,
Pull Octobre Editions laine chinée gris beige col rond made in Italy taille M,Dressing 2,05/08/2026,2026-08-18,13,
Veste Polaire Patagonia Los Gatos Full Zip Beige Crème Taille L,Dressing 2,28/03/2026,2026-08-06,131,
Body Grace & Mila Noir Pailleté Décolleté V Dos Nu Manches Longues Taille L,Dressing 2,29/05/2026,2026-08-23,86,
Polo Lacoste Bleu ciel chiné Logo crocodile iconique Taille L,Dressing 2,23/04/2026,2026-08-22,121,
Pull Morgan rouge irisé col V maille fine dos nu Taille M,Dressing 2,27/05/2026,2026-08-09,74,
Jean Pinko Bleu Taille haute Skinny Modèle Suzie Boutons dorés Taille 26,Dressing 2,27/05/2026,2026-08-20,85,
T-shirt col V Gap gris chiné coton coupe classique manches courtes taille M,Dressing 2,05/08/2026,2026-08-18,13,
Jean flare Evermine bleu clair broderies strass bohème Taille XS,Dressing 2,27/05/2026,2026-08-09,74,
Jean Gant Marron Super Slim Low Waist Modèle Nelly Taille 28/34,Dressing 2,10/04/2026,2026-08-16,128,
Sweat oversize Primark noir col rond coupe ample taille 2XL,Dressing 2,03/08/2026,2026-08-18,15,
Pull Seagale laine mérinos beige col rond fin été neuf taille M,Dressing 2,05/08/2026,2026-08-16,11,
Polo Lacoste beige vintage coton piqué manches courtes col boutonné taille S,Dressing 2,03/08/2026,2026-08-18,15,
T-shirt col V Monoprix Femme coton bio bleu marine taille M,Dressing 2,03/08/2026,2026-08-14,11,
Chemise Haute Hippie à carreaux bleu strass rock western Taille XS Made in USA,Dressing 2,27/05/2026,2026-08-12,77,
Kenzo Tiger Pull Gris Argent Pailleté Taille L - Unisexe - Made in Portugal,Dressing 1,25/03/2026,2026-08-11,139,
Boucles doreille Monoprix fleur dorée filaire ajourée,Dressing 2,05/08/2026,2026-08-05,0,
Kimono long vintage écru motif floral rose vert manches larges bohème made in japan,Dressing 1,27/03/2026,2026-08-25,151,
Top Morgan Argenté Métallisé - Taille M - Volant Asymétrique - Soirée Chic,Dressing 1,11/03/2026,2026-08-24,166,
Guide Le Routard Lisbonne édition 2016. Complet avec son plan de ville détachable intact.,Dressing 2,20/03/2026,2026-08-12,145,
Pull Luisa Spagnoli Bleu Ciel Col Fourrure Y2K Laine Vierge Taille S Made in Italy,Dressing 2,27/05/2026,2026-08-20,85,
Robe Zara blanche pois noirs plissée col volanté taille M,Dressing 2,03/08/2026,2026-08-18,15,
Robe Claudie Pierlot Bleu Marine Zippée Chic Structurée Manches 3/4 Taille 36,Dressing 2,29/05/2026,2026-08-22,85,
Pantalon Cargo Paname Collections Camel - Taille 28 US (36/38) - Made in Portugal,Dressing 1,06/03/2026,2026-08-12,159,
Jupe kilt Maje Jaune Carreaux Tartan Plissée Preppy Boucles Taille 36,Dressing 2,29/05/2026,2026-08-22,85,
Veste Polaire Timberland Beige - Taille L - Poche Zippée - Style Outdoor & Gorpcore,Dressing 1,28/02/2026,2026-08-16,169,
Pull Officine Générale - Laine Vierge & Cachemire - Taille L,Dressing 2,11/06/2026,2026-08-23,73,
Blazer Primark bleu croisé doublure satinée coupe cintrée femme taille 34,Dressing 2,05/08/2026,2026-08-16,11,
Jupe crayon H&M Noire taille haute chic pour le bureau Taille 40,Dressing 2,23/04/2026,2026-08-20,119,
Top Rosemunde Noir Manches dentelle Soie et Coton Taille Non visible,Dressing 2,29/05/2026,2026-08-14,77,
Top manches longues Maje Noir et Or Velours métallisé chic Taille S / 36,Dressing 2,29/05/2026,2026-08-12,75,
Veste en jean BDG rose délavé coupe cropped rock Taille S,Dressing 2,27/05/2026,2026-08-12,77,
Blazer Burberrys' Vintage - Made in France - Boutons Argentés Logo - Bleu Marine,Dressing 2,18/03/2026,2026-08-20,155,
